{"menus":[{"section":"Gestion du site","items":[{"icone":"si si-people","title":"Gestion des inscriptions","url":"\/admin\/inscription","menu":"inscription"},{"icone":"si si-list","title":"Cat\u00e9gories d'activit\u00e9s","url":"\/admin\/categorie","menu":"categorie"},{"icone":"si si-share-alt","title":"Les Activit\u00e9s","url":"\/admin\/activite","menu":"activite"},{"icone":"si si-docs","title":"Gestion des pages","url":"\/admin\/pages","menu":"page"},{"icone":"si si-bulb","title":"Communiqu\u00e9s","url":"\/admin\/communique","menu":"communique"},{"icone":"si si-loop","title":"Slides d\u00e9filantes","url":"\/admin\/slide","menu":"slide"},{"icone":"si si-grid","title":"Formations offertes","url":"\/admin\/formation","menu":"formation"},{"icone":"si si-calendar","title":"Ev\u00e8nements","url":"\/admin\/evenement","menu":"evenement"},{"icone":"si si-envelope-letter","title":"Messages de contact","url":"\/admin\/message","menu":"message"},{"icone":"si si-user-follow","title":"Enseignants","url":"\/admin\/enseignant","menu":"enseignant"},{"icone":"si si-organization","title":"Membres administratifs","url":"\/admin\/membre","menu":"membre"},{"icone":"si si-camera","title":"Galerie images","url":"\/admin\/galerie-image","menu":"image"},{"icone":"si si-film","title":"Galerie vid\u00e9os","url":"\/admin\/galerie-video","menu":"video"},{"icone":"si si-paper-clip","title":"Fichiers \u00e0 t\u00e9l\u00e9charger","url":"\/admin\/fichier","menu":"fichier"}]},{"section":"Gestions des utilisateurs","items":[{"icone":"si si-users","title":"Utilisateurs","url":"\/admin\/users","menu":"users"},{"icone":"si si-energy","title":"R\u00f4les des utilisateurs","url":"\/admin\/roles","menu":"role"},{"icone":"si si-puzzle","title":"Permissions","url":"\/admin\/permissions","menu":"permission"},{"icone":"si si-grid","title":"Trace des activit\u00e9s","url":"\/admin\/activitylogs","menu":"trace"},{"title":"Param\u00e8tres","icone":"si si-wrench","url":"\/admin\/settings","menu":"parametre"}]}]}